hide	(⊃‿⊂)
hide	|_・)
hide	|･ω･｀)
hide	｜−・;）
hide	|ω・）
hide	|ω･)و ̑̑༉
hide	( ͒•·̫|
hide	┬┴┬┴┤(･_├┬┴┬┴
hide	ﾍ(･_|
hide	|₋ॢọ̶̶̷̥᷅๑)‧˚⁺
hide wave	川o･-･)ﾉ
hide	┻┳|･ω･)
hide wave	┻┳|･ω･)ﾉ
hide	(*σᴗσ)(ㅎᴗㅎ )　｜‸눈;)
hide	| ू•ૅω•́)ᵎᵎᵎ
bird	（・⊝・）
bird	（・⊝・∞）
bird	（・θ・）
bird	（＠◇＠）
bird	(•∋•)
bird	（`･⊝･´ ）
bird	(`･⊝･´)
bird	(｀Θ´)
bird	(°<°)
bird	（ﾟ∈ﾟ）
bird	(◉Θ◉)
bird	(●∈∋●)
bird	<（ё）>
bird	~~……ヾლ∩з…….~~
bird	⊹⋛⋋( ՞ਊ ՞)⋌⋚⊹
bird	◎▼◎
bird	ˏ₍•ɞ•₎ˎ
bird	ˎ₍•ʚ•₎ˏ
bird love	♡(㋭ ਊ ㋲)♡
bird	꜀( ˊ̠˂˃ˋ̠ )꜆
bird	ꉂ (๑¯ਊ¯)σ
table flip	(╯°□°）╯︵ ┻━┻
table flip	┬──┬◡ﾉ(° -°ﾉ)
table flip	(╯°Д°）╯︵/(.□ . \)
table flip	(ノಠ益ಠ)ノ彡┻━┻
table flip	(ノಠ ∩ಠ)ノ彡( \o°o)\
table flip	(╯°□°)╯︵ ʞooqǝɔɐℲ
table flip	ノ┬─┬ノ ︵ ( \o°o)\
table flip	/( .□.)\ ︵╰(゜益゜)╯︵ /(.□. /)
table flip love	(∿°○°)∿ ︵ ǝʌol
table flip animal	ʕノ•ᴥ•ʔノ ︵ ┻━┻
table flip	(/¯◡ ‿ ◡)/¯ ~ ┻━┻
table flip	( ｀o)ﾉﾉ ┫
table flip	( ﾉo|o)ﾉ ┫｡ﾟ:.:
table flip	（；－－）ノノ ┫：・゜’
table flip	(/-o-)/ ⌒ ┤
table flip	(/#-_-)/~┻┻〃
table flip	(/｀ο´)/ ⌒ ┫:’ﾟ:｡･,. 。゜
table flip	（/＞□＜）/亠亠
table flip	(/ToT)/ ~┻┻
table flip	(/ToT)/_┫・..
table flip	(ノ ﾟДﾟ)ノ　＝＝＝＝　┻━━┻
table flip	(ノ-_-)ノ ~┻━┻
table flip	(ノ-_-)ノ ~┻━┻ (/o＼)
table flip	(ﾉ-_-)ﾉ ~┻━┻ ☆`
table flip	(ノ－＿－）ノ　┫〝〟∵
table flip	（ノ－＿－）ノ・・・~~~┻┻
table flip	(ノ-_-)ノ・・・~~┻━┻
table flip	（ノ－＿－）ノ･･･~┻┻
table flip	(ノ-_-)ノ~┻━┻
table flip	(ノ-。-）ノ┻━┻☆(　　^)
table flip	(ノ-0-)ノ　┫∵：．
table flip	（ノ－ｏ－）ノ　”″┻━┻☆（>○<）
table flip	(ﾉ-ｏ-)ﾉ ~┫：・’.：：・
table flip	(ノ-o-)ノ⌒┳ ┫┻┣
table flip	(ノ-o-)ノ┸┸)`3゜)・;’.
table flip	(ﾉ；；)ﾉ~┻━┻
table flip	(ノ；o；)ノ ┫:･’.::･┻┻:･’.::･
table flip	(ノ；ω；)ノ ┫:･’.::･┻┻:･’.::･
table flip	(ﾉ*’‐’)ﾉ ﾐ ┸┸
table flip	(ノ#-_-)ノ ミ　┴┴
table flip	(ノ#-◇-)ノ ~~~~┻━┻☆(x _ x)ノ
table flip	（ノ｀_´）ﾉ~~┴┴
table flip	(ノ｀´）ノミ┻┻
table flip	ノToT)ノ ~┻┻
table flip	(ﾉ｀□´)ﾉ⌒┻━┻
table flip	(ノ｀０)ノ ⌒┫ ┻ ┣ ┳☆(x x)
table flip	ノ￣□￣)ノ ~┻━┻
table flip	(ノ｀m´)ノ ~┻━┻ (/o＼)
table flip	(ﾉ｀Д)ﾉ:・’∵:.┻┻
table flip	（ﾉ｀Д´）ﾉ－－－－－┻┻　-３-３
table flip	(ﾉ`Д´)ﾉ.:･┻┻)｀з゜)･:ﾞ;
table flip	┻━┻ミ＼（≧ロ≦＼）
table flip	(ノ￣＿￣）ノ　┫〝〟∵
table flip	(ノ￣＿￣)ノ＼。:・゛。
table flip	(丿>ロ<)丿 ┤∵:.
table flip	(ﾉToT)ﾉ ﾐ ┸┸
table flip	(ﾉ￣□￣)ﾉ ~┻━┻
table flip	(ノ￣▽￣)ノ┻━┻☆)*￣□)ノ))
table flip	(ノ￣◇￣)ノ~┻━┻/(×。×)
table flip	（ノ￣ー￣）ノ　┫：・’.::
table flip	(ノ￣ー￣）ノ　┫〝〟∵
table flip	(メ–)ノノ。。。┻┻
table flip	(ﾉ＝ﾟﾛﾟ)ﾉ ⌒┫:･’.::
table flip	(ノ＞o＜)ノ ┫:･’.::
table flip	（ノ≧∇≦）ノ　┫　゜・∵。
table flip	(ﾉ≧∇≦)ﾉ ﾐ ┸┸
table flip	（ノ≧ο≦）ノ　┫　゜・∵。
table flip	（ノ○Д○）ノ＝＝＝┠
table flip	（ノ♯｀△´）ノ~’┻━┻
table flip	（ノー”ー）ノ　┫　゜・∵。
table flip	（ノT＿T)ノ ＾┻━┻
table flip	(ノToT)ノ ~┻┻
table flip	(ノToT)ノ ┫:・’.::・
table flip	(ﾉToT)ﾉ ┫:･’.::･＼┻┻(･_＼)
table flip	(ノToT)ノ ┫:・’.::・┻┻:・’.::・
excited happy	(((o(*ﾟ▽ﾟ*)o)))
excited happy	(★^O^★)
excited dance	(ﾉ･ｪ･)ﾉ
excited happy	＼（＠￣∇￣＠）／
excited happy dance	＼(^▽^＠)ノ
excited happy	ヾ(@^▽^@)ノ
excited happy	o((*^▽^*))o
excited happy	Ｏ(≧▽≦)Ｏ
excited happy	(((＼（＠v＠）／)))
excited	(* >ω<)
excited happy	(*≧▽≦)
excited happy	(/^▽^)/
excited happy	(ﾉ´ヮ´)ﾉ*:･ﾟ✧
excited dance	(ﾉ≧∀≦)ﾉ
excited	(ﾉ◕ヮ◕)ﾉ*:・ﾟ✧
excited	\( ‘з’)/
excited happy cry	＼(*T▽T*)／
excited	＼（＾▽＾）／
excited happy cry	＼（Ｔ∇Ｔ）／
excited happy	☆*･゜ﾟ･*\(^O^)/*･゜ﾟ･*☆
excited happy	☆*:.｡. o(≧▽≦)o .｡.:*☆
excited	ヽ( ★ω★)ノ
excited happy dance	ヽ(;^o^ヽ)
excited happy cry	ヽ(；▽；)ノ
excited	ヾ(。◕ฺ∀◕ฺ)ノ
excited happy cry	ヾ(＠† ▽ †＠）ノ
excited happy dance	ヾ(＠^∇^＠)ノ
excited happy	ヾ(＠^▽^＠)ﾉ
excited happy	ヾ（＠＾▽＾＠）ノ
excited happy	ヾ(＠゜▽゜＠）ノ
excited happy crazy	ヾ(@°▽°@)ノ
excited happy	ヾ(＠°▽°＠)ﾉ
excited happy	ヽ(*≧ω≦)ﾉ
excited happy	ヽ(*⌒∇⌒*)ﾉ
excited happy	ヽ(^。^)丿
excited happy	ヽ(＾Д＾)ﾉ
excited cat	ヽ(=^･ω･^=)丿
excited happy	o(〃＾▽＾〃)o
excited happy	o(^▽^)o
excited happy	Ｏ(≧∇≦)Ｏ
excited happy	o(≧∇≦o)
excited happy	о(ж＞▽＜)ｙ ☆
excited	٩(^ᴗ^)۶
excited	(๑>ᴗ<๑)
excited	٩(•̤̀ᵕ•̤́๑)ᵒᵏᵎᵎᵎᵎ
excited	୧(﹒︠ᴗ﹒︡)୨
excited	˚₊*(ˊॢo̶̶̷̤◡ुo̴̶̷̤ˋॢ)*₊˚⁎
excited laugh	∗˚(* ˃̤൬˂̤ *)˚∗
excited	•ू(ᵒ̴̶̷ωᵒ̴̶̷*•ू) ​ )੭ु⁾
excited think	(❛ัॢᵕ❛ั ॢ)✩*ೃ.⋆
excited	⁺✧.(˃̶ ॣ⌣ ॣ˂̶∗̀)ɞ⁾
excited	٩(●˙▿˙●)۶…⋆ฺ
excited	*✲ﾟ*｡✧٩(･ิᴗ･ิ๑)۶*✲ﾟ*｡✧
excited kiss	σ(≧ε≦ｏ)
excited love	٩(๑ơలơ)۶♡
excited love	˚‧*♡ॢ˃̶̤̀◡˂̶̤́♡ॢ*‧˚
excited	( ˃̶ω˂̶ ૃ)
excited cry	(٭°̧̧̧ω°̧̧̧٭)
excited	૮(ᶿ̴͈᷇ॢ௰ᶿ̴͈᷆ॢ)ა✧
excited love music	٩(ó｡ò۶ ♡)))♬
excited	␟␏(ɲ˃ ˈ̫̮ ˂ɳ)␟␏ෆ
happy	(●´∀｀●)
happy	(｀・ω・´)”
happy	(*´・ｖ・)
happy	(⌒▽⌒)☆
happy hug	⊂((・▽・))⊃
happy wave	(≧∇≦)/
happy	(´∇ﾉ｀*)ノ
happy	（・◇・）
happy wave	( ´ ▽ ` )ﾉ
happy	（＾_＾）
happy	（￣ー￣）
happy	(*^▽^*)
happy	(＾▽＾)
happy	（’-’*)
happy	∩( ・ω・)∩
happy	＼（＾ ＾）／
happy laugh	（　´∀｀）
happy	(^～^)
happy	(☆^O^☆)
happy	(☆^ー^☆)
happy	(´ω｀★)
happy	*(*´∀｀*)☆
happy hug	d=(´▽｀)=b
happy crazy	ヽ(‘ ∇‘ )ノ
happy	（*＾ワ＾*）
happy	(´∀`)
happy	(°◇°;)
happy crazy	(゜▽゜;)
happy surrender	(ﾉ´ｰ`)ﾉ
happy dance	ヽ(´ー`)ﾉ
happy	(　＾∇＾)
happy surrender	＼( ｀.∀´)／
happy	(●⌒∇⌒●)
happy surrender	ヽ(｀◇´)/
happy	ヽ(*・ω・)ﾉ
happy	（＾ω＾）
happy	｡◕‿◕｡
happy	⊙ω⊙
happy	⊙△⊙
happy	⊙▽⊙
happy	o (◡‿◡✿)
happy	(◕‿◕✿)
happy	(∩_∩)
happy	(•ิ_•ิ)
happy	(/•ิ_•ิ)/
happy	（ΦωΦ）
happy	（*＾＾*)
happy	（＾⊆＾）
happy	(-^〇^-)
happy	(ノ*゜▽゜*)
happy dance music	ヾ(´▽｀;)ゝ
happy crazy	(゜▼゜＊）
happy	(￣个￣)
happy	(“⌒∇⌒”)
happy crazy	へ(゜∇、°)へ
happy sleep	（-＾〇＾-）
happy laugh	（＞ｙ＜）
happy dead	(ヘ。ヘ)
happy laugh	（＾ｖ＾）
happy crazy	ヾ(@゜∇゜@)ノ
happy embarassed	（＠´＿｀＠）
happy laugh	(ノ＞▽＜。)ノ
happy cry	＼（＠；◇；＠）／
happy crazy	＼(☆o◎)／
happy cry	(o;TωT)o
happy	（⌒▽⌒ゞ
happy music	“ヽ(´▽｀)ノ”
happy wave fun	ヾ(＠⌒ー⌒＠)ノ
happy	Ψ(´▽｀)Ψ
happy	（ｖ＾＿＾）ｖ
happy love	(ી(΄◞ิ౪◟ิ‵)ʃ)♥
happy	(❁´◡`❁)*✲ﾟ*
happy music	(ღ˘⌣˘ღ) ♫･*:.｡. .｡.:*･
happy fun	ლ(╹◡╹ლ)
happy	(✿◠‿◠)
happy	(◑‿◐)
happy love hug	ლ(́◉◞౪◟◉‵ლ)
happy dead	✖‿✖
happy	(*~▽~)
happy	(─‿‿─)
happy	∩(︶▽︶)∩
happy	(︶ω︶)
happy	(∩▂∩)
happy think	(¬‿¬)
happy	(n˘v˘•)¬
happy	ಥ‿ಥ
happy dead	≖‿≖
happy fun	ʘ‿ʘ
happy wave run	☆ﾐ(o*･ω･)ﾉ
happy	(✌ﾟ∀ﾟ)☞
happy	(ᅌᴗᅌ* )
happy	(;ﾞ°´ω°´)
happy	°˖✧◝(⁰▿⁰)◜✧˖°
happy think	( ͡° ͜ʖ ͡°)
happy	(•‿•)
happy	(⊙ヮ⊙)
happy	(*¬*)
happy	(^∇^)
happy	(＝⌒▽⌒＝)
happy	(≡^∇^≡)
happy music	≧(´▽｀)≦
happy	（‐＾▽＾‐）
happy	(￣▽+￣*)
happy	(°∀°)b
happy	(*⌒∇⌒*)
happy	(๑╹っ╹๑)
whatever	╮(─▽─)╭
whatever	¯\_(ツ)_/¯
whatever	٩(-̮̮̃-̃)۶
whatever	ヽ（´ー｀）┌
whatever	┗┐ヽ(′Д、`*)ﾉ┌┛
whatever	ヽ( ´¬`)ノ
whatever	┗┃・ ■ ・┃┛
whatever	ヾ(´A｀)ノﾟ
whatever	ヽ（・＿・；)ノ
whatever	ヽ(　￣д￣;)ノ
whatever	＼（〇_ｏ）／
whatever crazy	ヽ(。_°)ノ
whatever	＼(;´□｀)/
whatever	ヾ(*´ー`)ノ
whatever	ヽ(‘ー`)ノ
whatever	ヽ(ー_ー )ノ
whatever	ヽ(´～｀；）
whatever	┐(‘～`；)┌
whatever	ヽ（*ω。）ノ
whatever	(;´・`)>
whatever	（＾～＾）
whatever	٩(-̮̮̃•̃)۶
whatever	┐(￣ー￣)┌
whatever	t(ツ)_/¯
whatever	┐(￣ヮ￣)┌
whatever	╰(　´◔　ω　◔ `)╯
whatever angry sad stare	ಠ_ಠ
whatever	ლ(ಠ_ಠლ)
whatever crazy	¯\(°_o)/¯
whatever	╮(╯▽╰)╭
love kiss	( c//”-}{-*\x)
love	(｡-_-｡ )人( ｡-_-｡)
love	(‘∀’●)♡
love	(*´∀｀*人*´∀｀*)
love	(/^-^(^ ^*)/
love	(´ ▽｀).。ｏ♡
love happy	(´∀｀)♡
love	ヽ(愛´∀｀愛)ノ
love	(●♡∀♡)
love kiss	( ˘ ³˘)♥
love kiss	( ˘ ³˘)❤
love kiss	( ⋆•ิ ᴈ-ิ(ᵕ❥ ᵕ⁎ ॢ)
love	(・_・)❤(-_-)
love kiss	(｡・//ε//・｡)
love animal pig	(｡･ω･｡)ﾉ♡
love	(｡’▽’｡)♡
love	（。ˇ ⊖ˇ）♡
love	(｡♥‿♥｡)
love	(* ˘⌣˘)◞[_]♥[_]ヽ(•‿• )
love music happy	（*´▽｀*）
love kiss	（*＾3＾）/～♡
love	（〃・ω・〃）
love kiss	（´・｀ ）♡
love	(´▽`ʃƪ)♡
love kiss	(´ε｀ )♡
love	（´ω｀♡%）
love	(˘▼˘>ԅ( ˘⌣ƪ)
love	(ˆˇˆ)-c<˘ˑ˘)
love	(>’o’)> ♥ <(‘o’<)
love hug	(>^_^)><(^o^<)
love	(∩˃o˂∩)♡
love	(◍•ᴗ•◍)❤
love bear	(♥ó㉨ò)ﾉ♡
love	(♥ω♥ ) ~♪
love	(♥ω♥*)
love	(Ɔ ˘⌣˘)♥(˘⌣˘ C)
love kiss	(ɔˆ ³(ˆ⌣ˆc)
love kiss	(ʃƪ ˘ ³˘)
love kiss	(ʃƪ˘ﻬ˘)
love	(ღ˘⌣˘ღ)
love hug kiss	(づ￣ ³￣)づ
love kiss	(っ˘з(˘⌣˘ )
love	(人-ω-)｡o.ﾟ｡*･♡Good Night♡･*｡ﾟo｡(-ω-人)
love	♡〜٩(^▿^)۶〜♡
love	♡｡ﾟ.(*♡´‿` 人´‿` ♡*)ﾟ♡ °・
love	♡(*´･ω･)(･ω･`*)♡
love	♡(*´∀｀*)人(*´∀｀*)♡
love	♡(˃͈ દ ˂͈ ༶ )
love	♡´･ᴗ･`♡
love	♡＾▽＾♡
love	♡꒰*･ω･人･ω･*꒱♡
love	♡o｡.(✿ฺ｡ ✿ฺ)
love	♡o｡(๑๏‿ฺ๏๑)｡o♡
love	♥(ˆ⌣ˆԅ)
love	♥(✿ฺ´∀`✿ฺ)ﾉ
love	♥（ﾉ´∀`）
love	♥～(‘▽^人)
love	♥╣[-_-]╠♥
love	✿♥‿♥✿
love	꒰˘̩̩̩⌣˘̩̩̩๑꒱♡
love	꒰♡ˊ͈ ु꒳ ूˋ͈꒱.⑅*♡
love	웃+웃=❤
love	乂❤‿❤乂
love	( ᵒ̴̶̷̤̀ुωᵒ̴̶̷̤́ू )❤”
love	♡ლ(-༗‿༗-)ლ♡
love	☆*✲ﾟ*｡(((´♡‿♡`+)))｡*ﾟ✲*☆
love	♡ლζ(♛ε♛*ζლ♡
love	(ෆ ͒•∘̬• ͒)◞
love think	ॱ॰⋆(˶ॢ‾᷄﹃‾᷅˵ॢ)ӵᵘᵐᵐᵞ♡♡♡
love	੯ूᵕ̤ू U॒॒॒॒॒୭ℒℴѵℯ❤
love	(♡´͈༝`͈)ฅ˒˒
love	(๑′ᴗ‵๑)Ｉ Lᵒᵛᵉᵧₒᵤ♥
love	♡ℒฺℴฺνℯฺ♡
love	(*´o`*)ʖˋʖˋʖˋ～♡
love kiss	(๑•з•)))⋆*♡*⋆ฺ=͟͟͞͞=͟͟͞͞
love	♡+:｡.｡❣LﾛVЁ❣｡.｡:+♡
love	(๑′ڡ‵๑)۶४४yϋᵐᵐӵ♡॰⋆̥
love	( ˭̵̵̵̵͈́◡ु͂˭̵̵̵͈̀ )ˉ̞̭♡
love kiss	ლ(´◉❥◉｀ლ)
love	(๑・ω-)～♥”
love	( ＾◡＾)っ✂❤
love	（●´∀｀）ノ♡
love	◌⑅⃝●♡⋆♡⃝ ˻˳˯ₑ♡⃝⋆●♡⑅⃝◌
love	(♡ᵉ̷͈ัॢωᵉ̷͈ัॢ )‧₊°♡
love	(✿ ♥‿♥)
love	ฅ ̳͒•ˑ̫• ̳͒ฅ♡
love	(｡・‧̫・｡).*＊♡
love	(♡ˊ͈ ॢ꒳ ॢˋ͈)♪
love	♡+* Ɗɑɫë*+♡
love	(͒ ॢ ›⚇‹ ॢ)͒୭♡
love	(*°∀°)=3
love kiss	( ๑ ᴖ ᴈ ᴖ)ᴖ ᴑ ᴖ๑)❣
love	(/∇＼*)｡o○♡
love	(۶•౪•)۶❤٩(•౪•٩)
love hug	(ღ˘⌣˘)❛ั◡❛ัღ)
love think	(*´ ˘ `*).｡oO ( ♡ )
love	´͈ ᵕ `͈ ♡°◌̊
love	(*• ुᴗ•ධ̢•͈ꄃ̑•͈ ධ̡੭ु⁾⁾·°♡
love	( ´͈ ૢᐜ `͈ૢ)･*♡੭ੇ৸♡੭ੇ৸♡
love	( ′ॢ◡̶͂‵ ॢ )♡*.
love	˄̻ ̊σ(˃̴͈◡ुමੈॆ⋆)˄̻ ̊~♡⃛
love	(୨୧•͈ᴗ•͈)◞ᵗʱᵃᵑᵏઽ*♡
love	*♡೫̥͙*:・ℋɑppყ Ϣәԁԁıɲɠﾟ･:* ೫̥͙♡*
love	(≚ᄌ≚)ℒℴѵℯ❤
love	◟( ˊ̱˂˃ˋ̱ )◞♡⃛◟( ˊ̱˂˃ˋ̱ )◞
love	(๑॔˃̶ॢ◟◞ ˂̶ॢ๑॓)♡
love	₍՞◌′ᵕ‵ू◌₎♡
love	（人´∀`*）
love happy	( •ॢ◡-ॢ)-♡
love	( ๑॔˃ ॢ‧̫˂)ॢ♡̷˚๐
love	ପ(๑•̀ᴗ-♡ॢ)fෆr yෆu*೨⋆*✩
love hug	٩(๑•◡-๑)۶ⒽⓤⒼ❤
love kiss	～(^з^)-♡
love wave	ヾ(◍’౪`◍)ﾉﾞ♡
love	(●´□`)♡
love kiss	ლ(|||⌒εー|||)ლ
love	ƪ(♥ﻬ♥)ʃ
love	ღゝ◡╹)ノ♡
love	(‾̴̴͡͡▿•‾̴̴͡͡ʃƪ)
love	(ෆ❛ั ु▿❛ั੯ू❛ัू ໒꒱⁼³₌₃
love	♡(.◜ω◝.)♡
angry	(*≧m≦*)
angry	(>_<)
angry	(,,#ﾟДﾟ)
angry	ヽ(ｏ`皿′ｏ)ﾉ
angry	o(>< )o
angry	ｏ( ><)o
angry	ヽ(≧Д≦)ノ
angry	（＞д＜）
angry sleep	（;≧皿≦）
angry	[○･｀Д´･○]
angry	ヽ(#`Д´)ﾉ
angry	Σ(-`Д´-ﾉ；)ﾉ
angry	(((p(>o<)q)))
angry	(/ﾟДﾟ)/
angry	(¬д¬。)
angry	(¬､¬)
angry think	（；¬＿¬)
angry think	(;¬_¬)
angry	(；¬д¬)
angry	(≧σ≦)
angry	o(-`д´- ｡)
angry	ヽ(●-`Д´-)ノ
angry	(*￣m￣)
angry	(´Д｀)
angry	(；￣Д￣）
angry wave	(¬_¬)ﾉ
angry	(＃｀д´)ﾉ
angry surprised	(」゜ロ゜)」
angry	Σ(▼□▼メ)
angry	(━┳━ _ ━┳━)
angry	(┳◇┳)
angry	{{|└(>o< )┘|}}
angry	＼(＠O＠)／
angry	（≧▼≦；)
angry	＼(〇O〇)／
angry	s(・｀ヘ´・;)ゞ
angry	（▼へ▼メ）
angry	＼(`O´θ／
angry	θ＼(；￢_￢)
angry	ヽ(｀⌒´メ)ノ
angry	凸(-0-メ)
angry	凸(｀△´＋）
angry	凸(｀0´)凸
angry	凸(｀⌒´メ)凸
angry	＼(｀0´)／
angry	-`д´-
angry	(>人<)
angry	щ(ಠ益ಠщ)
angry	(ノಠ益ಠ)ノ
angry	щ(ಥДಥщ)
angry	o(≧o≦)o
angry	(⋋▂⋌)
angry	(◣_◢)
angry sleep	ᕙ(⇀‸↼‶)ᕗ
angry	ᕦ(ò_óˇ)ᕤ
angry	( ಠ ಠ )
angry	(¬▂¬)
angry think	(¬_¬)
angry	ಥ⌣ಥ
angry	s(・｀ヘ´・；)
angry	ლ(ಠ益ಠლ
angry	ლಠ益ಠ)ლ
angry	凸ಠ益ಠ)凸
angry	╭(๑¯д¯๑)╮
angry	ಠ▃ಠ
angry surrender	t(-_-t)
angry	ヽ(#ﾟДﾟ)ﾉ┌┛
angry think	(҂⌣̀_⌣́)
angry cry	ͼ(ݓ_ݓ)ͽ
angry	(ಥ⌣ಥ)
sad cry	（ ; ; ）
sad cry	(T＿T)
sad cry	（ ＴДＴ）
sad cry	(ToT)
sad cry	(Ｔ▽Ｔ)
sad	(‘A`)
sad	（；_・）A single tear…
sad cry	(T_T)
sad cry	((T.T； )
sad cry	(； T.T))
sad cry	（；へ：）
sad cry	(ノД`)・゜・。
sad	・(/Д`)・
sad	(´＿｀。)
sad	(´Д｀。)
sad	(´Ａ｀。)
sad	(´∩｀。)
sad cry	｡：ﾟ(｡ﾉω＼｡)ﾟ･｡
sad cry	(┳Д┳)
sad cry	(´；д；`)
sad cry	(*´；ェ；`*)
sad cry	｡･ﾟﾟ･(>д<)･ﾟﾟ･｡
sad cry	(。┰ω┰。)
sad	(゜´Д｀゜)
sad cry	（ｉДｉ）
sad cry	(´；ω；`)
sad cry	。ﾟ(ﾟﾉД｀ﾟ)ﾟ｡
sad	ヽ(´□｀。)ﾉ
sad	(ﾟ´Д｀ﾟ)ﾟ
sad	{{p´Д｀q}}
sad	ヽ(●ﾟ´Д｀ﾟ●)ﾉﾟ
sad cry	( p_q)
sad cry	(╯︵╰,)
sad cry	(个_个)
sad	((´д｀))
sad	( ≧Д≦)
sad cry	｡゜(｀Д´)゜｡
sad	p(´⌒｀｡q)
sad cry	(/□＼*)・゜
sad cry	((o(;△;)o))
sad surrender	（；￣д￣）
sad cry	(ㄒoㄒ)
sad	⊙︿⊙
sad cry surrender	o(╥﹏╥)o
sad cry	o(；△；)o
sad cry	(;*△*;)
sad	（´＿｀）
sad cry	╥﹏╥
sad cry	(´°̥̥̥̥̥̥̥̥ω°̥̥̥̥̥̥̥̥｀)
sad	(∩︵∩)
sad	(︶︹︺)
sad cry	(╥_╥)
sad hug	(っ˘̩╭╮˘̩)っ
sad	ಥ_ಥ
sad	(T⌓T)
surprised	( ꒪Д꒪)ノ
surprised	(((( ;°Д°))))
surprised	((((；゜Д゜)))
surprised	（゜◇゜）
surprised surrender	（￣□￣；）
surprised	∑(O_O；)
surprised	＼(>o<)ノ
surprised	━Σ(ﾟДﾟ|||)━
surprised	Σ(゜ロ゜;)
surprised	Σ(゜゜)
surprised	(*ﾟﾛﾟ)
surprised	щ(゜ロ゜щ)
surprised	(ﾉﾟ0ﾟ)ﾉ~
surprised	⊙▂⊙
surprised	⊙０⊙
surprised	w(°ｏ°)w
surprised	L(・o・)」
surprised	(○o○)
surprised	（・□・；）
surprised	∑(;°Д°)
surprised	(´⊙ω⊙`)！
surprised	\(*0*)/
embarassed	(^_^;)
embarassed	(^^ゞ
embarassed	(^^;)
embarassed kiss	(#^.^#)
embarassed	(‘-’*)
embarassed	(*^^*)
embarassed	(⌒_⌒;)
embarassed	(#｀ε´#ゞ
embarassed	（*/∇＼*）
embarassed	(〃￣ω￣〃ゞ
embarassed	(*´ｪ｀*)
embarassed	(*´∀`*)
embarassed	(*´_ゝ｀)
embarassed	(/ω＼)
embarassed	(*ﾉ▽ﾉ)
embarassed	(*ﾉωﾉ)
embarassed	（/｡＼)
embarassed	（。-＿-。）
embarassed	(#／。＼#)
embarassed	(╯_╰)
embarassed	(╯ಊ╰)
embarassed	(ﾉ)´∀｀(ヾ)
embarassed	(*/ω＼*)
embarassed	\(//∇//)\
embarassed	(*ﾟｰﾟ)ゞ
embarassed	\(///Σ///)\
embarassed	（//･_･//)
embarassed crazy	(⊙﹏⊙✿)
embarassed	(<o///v>)
confused	(´･_･`)
confused	(◎_◎;)
confused	(｀_´)ゞ
confused	(◎-◎；)
confused	(・_・ヾ
confused	(￣(エ)￣)ゞ
confused	(-_-)ゞ゛
confused	(‘◇’)?
confused	ヽ(゜Q。)ノ？
confused	(´｀;) ？
confused	【・ヘ・?】
confused	【・_・?】
confused	( ・◇・)？
confused	(゜-゜)
confused	ヾ(´･ ･｀｡)ノ”
confused	｢(ﾟﾍﾟ)
confused	( ?´_ゝ｀)
confused smug	o(´^｀)o
confused	(´−｀) ﾝｰ
confused	(」ﾟヘﾟ)」
confused	(•ิ_•ิ)?
confused	「(°ヘ°)
confused crazy	(。ヘ°)
confused	〈(゜。゜)
confused	(゜。゜)
confused	く（＾_・）ゝ
confused	(^～^;)ゞ
confused surprised	٩(͡๏̯͡๏)۶
confused angry	٩(̾●̮̮̃̾•̃̾)۶
confused crazy	(⊙_◎)
confused stare	ಠ_ರೃ
confused	щ(ºДºщ)
confused	﴾͡๏̯͡๏﴿
confused	ఠ_ఠ
confused	(●__●)
confused	(ﾟｰﾟ;
confused	(●´ω｀●)ゞ
confused	(＃⌒∇⌒＃)ゞ
confused	(・・。)ゞ
confused crazy	⁀⊙﹏☉⁀
confused crazy	(♠_♦)
confused	(⊙_☉)
confused	(⊙.☉)7
confused crazy	`(๑ △ ๑)`*
confused	(」ﾟﾛﾟ)｣
confused	(C_C)
smug	ー(￣～￣)ξ
smug	(((￣へ￣井)
smug	(`へ´*)ノ
smug	(￣^￣)
smug	（￣へ￣）
smug	（￣～￣;）
smug	(￣ェ￣;)
smug	(-、-)
smug	( ；｀ヘ´)
smug	(￣ω￣;)
smug	（｀＾´）ノ
smug	<(￣︶￣)>
cat	(=^･ｪ･^=)
cat	(=^‥^=)
cat	(=^･^=)
cat	V(=^･ω･^=)v
cat	(=｀ω´=)
cat	o(^・x・^)o
cat	＼(=^‥^)/’`
cat	( =①ω①=)
cat	d(=^･ω･^=)b
cat	(=ＴェＴ=)
cat	(=;ェ;=)
cat	(=^･ω･^)y＝
cat	(^-人-^)
cat dance	ヽ(^‥^=ゞ)
cat	(^・ω・^ )
cat	(=^-ω-^=)
cat	b(=^‥^=)o
cat	(.=^・ェ・^=)
cat	（=´∇｀=）
cat	ヾ(=ﾟ･ﾟ=)ﾉ
cat	~(=^‥^)ノ
cat	~(=^‥^)/
cat dead	(=ｘェｘ=)
cat	(=；ェ；=)
cat	(=｀ェ´=)
cat	(^･o･^)ﾉ”
cat	(^._.^)ﾉ
cat dance	└(=^‥^=)┐
cat	=’①。①’=
cat	ㅇㅅㅇ
cat	(・∀・)
cat	(^人^)
bear	(￣(エ)￣)
bear	(｡･ω･｡)
bear	(●｀･(ｴ)･´●)
bear	(*ノ・ω・）
bear	川´･ω･`川
bear	( (ﾐ´ω`ﾐ))
bear	ヾ(T(エ)Tヽ)
bear	＼(・｀(ｪ)・)/
bear	⊂(ο･㉨･ο）⊃
bear	(^(エ)^)
bear	(^(I)^)
bear wave	(￣(ｴ)￣)ﾉ
bear	⊂(￣(工)￣)⊃
bear	⊂(^(工)^)⊃
bear	⊂(・(ェ)・)⊃
bear	(*￣(ｴ)￣*)
bear wave	ヾ(´(ｴ)｀ﾉﾞ
bear	(／(ｴ)＼)
bear	⊂(￣(ｴ)￣)⊃
bear wave	“(`(エ)´)ノ
bear	(｀(エ)´)ﾉ
bear	(ó㉨ò)
bear	(/-(ｴ)-＼)
bear	(´(エ)｀)
bear	ヽ(￣(ｴ)￣)ﾉ
bear	(／￣(ｴ)￣)／
bear	⊂(◎(工)◎)⊃
bear	(●￣(ｴ)￣●)
bear	《/(￣(ｴ)￣)ゞ》
bear	⁝⁞⁝⁞ʕु•̫͡•ʔु☂⁝⁞⁝⁝
bear	(✪㉨✪)
bear animal	ᶘ ᵒᴥᵒᶅ
evil	(・｀ω´・)
evil	ψ(｀∇´)ψ
evil	（｀ー´）
evil	(｡･｀ω´･｡)
evil	o(｀ω´*)o
evil	| ｀Д´|
evil	(｀ε´)
evil	(σ-`д･´)
evil	(｀Д´*)
evil	（=｀〜´=）
evil	(ﾒ｀ﾛ´)/
evil	Ψ(｀▽´)Ψ
evil	^(#｀∀´)_Ψ
evil	(*-`ω´- )人
evil	(ц｀ω´ц*)
evil	(｀∀´)Ψ
evil	ψ(*｀ー´)ψ
evil	Ψ(｀◇´)Ψ
evil laugh	“ψ(｀∇´)ψ
worried	(ーー;)
worried	( ；´Д｀)
worried	（；￣ェ￣）
worried	ヽ(￣д￣;)ノ
worried	(￣◇￣;)
worried	（−＿−；）
worried	(~_~;)
worried	((*゜Д゜)ゞ”
worried	(･_-｡ )
worried	⊙﹏⊙
worried crazy	ミ●﹏☉ミ
worried	(-’๏_๏’-)
worried	(⊙…⊙ )
worried	( ´△｀)
worried	(;° ロ°)
worried	ヽ（゜ロ゜；）ノ
worried	（°o°；）
worried	｡:ﾟ*+;(●´･д･`●);+*ﾟ:｡
worried	(;´Д`)
worried	\(￣□￣)\
worried	(￣□￣;)!!
worried	(＠￣Д￣＠；)
worried	(⊙︿⊙✿)
worried	(⊙△⊙✿)
worried	(꒪⌓꒪)
worried	Σ(ﾟﾛﾟ｣)｣
worried	Σ（ﾟдﾟlll）
scared	(ノдヽ)
scared	ヽ(ﾟДﾟ)ﾉ
scared	(／。＼)
scared	（／_＼）
scared	（／．＼）
crazy hurt	ヘ（。□°）ヘ
crazy	(☉ε　⊙ﾉ)ﾉ
crazy	＼(●o○;)ノ
crazy	~(๑ñ﹏ ⊙☆)ノ
crazy	ヾ (✿＞﹏ ⊙〃)ノ
crazy	ヽ(｡ゝω・｡)ﾉ
crazy	ヾ(｡ꏿ﹏ꏿ)ﾉﾞ
crazy	ヽ(゜Q。)ノ
crazy	Σ(♡＠﹏ ＠☆)ﾉ”
crazy	щ (*ㅇ△ Φ☆)ノ
crazy	ヘ（゜◇、゜）ノ
crazy wave	ヘ(゜Д、゜)ノ
crazy wave	ヘ(°◇、°)ノ
crazy	( ख़ืིڞ◟྄ख़ืི)
crazy	ヽ(°▽、°)ﾉ
crazy	(ּơ̑ළּơ̑)
crazy	(｡☉౪ ⊙｡)
dog	Uo･ｪ･oU
dog	∪･ω･∪
dog	U｡･ｪ･｡U
dog	▽・ω・▽
dog	▽・ｗ・▽
dog	Ｕ^皿^Ｕ
dog	ｖ・。・Ｖ
dog	ＵＴｪＴＵ
dog	(^・(I)・^)
dog	U・♀・U
dog	ｏ（Ｕ・ω・）⊃
dog	(^・x・^)
dog	(U・x・U)
dog	▼o・ェ・o▼
dog	U＾ェ＾U
dog	U￣ｰ￣U
dog dance	┌U･ｪ･U┘
dog monkey dance	└@(･ｪ･)@┐
dog	ヾ(●ω●)ノ
dog	(〓￣(∵エ∵)￣〓)
sea creature	>=<
sea creature	>゜))))彡
sea creature	ζ°)))彡
sea creature	>_)))彡
sea creature	>^)))< ～～
sea creature	(°)#))<<
sea creature	（：。）ミ
sea creature	Ｃ：。ミ
sea creature	(Q )) >
sea creature	(°))<<
sea creature	>°))))彡
sea creature	≧〔゜゜〕≦
sea creature	ミ(・・)ミ
sea creature	V=(° °)=V
sea creature	＜コ：ミ
sea creature	(゜))<<
sea creature	ミ[°°]ミ
sea creature	くコ:彡
sea creature	ミ．．ミ
sea creature	(/)(;,,;)(/)
monkey	@(o･ｪ･)@
monkey	@(｡･o･)@
monkey	@(o･ｪ･o)@
monkey	@(/o･ｪ･o)@/
monkey	@(*^ｪ^)@
pig	( ´(00)`)
pig	ヾ(；ﾟ(OO)ﾟ)ﾉ
pig	ヽ(*’(OO)’)ﾉ
pig wave	(￣(oo)￣)ﾉ
pig	(○｀（●●）´○)ﾉ
pig	(*’(OO)’*)
pig	(；ﾟ(OO)ﾟ)
pig	(*´(00)`)’
pig	ヽ(*’(OO)’)ﾉﾟ
pig	q(￣(oo)￣)p
pig cry	｡ﾟ(ﾟ´(00)`ﾟ)ﾟ｡
pig	(￣（∞）￣)
pig	(￣(▽▽)￣)
pig	(=｀(∞)´=)
pig	ヾ(＠＾(∞)＾＠)ノ
hurt	（。_°☆＼(- – )
hurt	(。_＋)＼
hurt	((((*｡_｡)_
hurt	(xLx)ヾ
hurt	(ノ>ノ)
hurt	｢(＝＞o≦＝)ﾉ
hurt	/(*ι*)ヾ
hurt	／(x~x)＼
hurt	~(>_<~)
hurt	┗( ●-﹏ ｀｡)づ
hurt	◎☆（♯××）┘
hurt	☆￣(＞。☆)
hurt	☆⌒(＞。≪)
hurt	ヘ(>_<ヘ)
hurt cry	⁽⁽ƈ ͡ (ु ˲̥̥̥́ ˱̥̥̥̀) ु⁾⁾
hurt	(ू̯⋆̧ ͕⋆᷅ू̯ ) ༘˟
rabbit	U・x・U
rabbit	U｡･.･｡U
rabbit	U=･ x ･=U
rabbit	U=๏ x ๏=U
rabbit	(,,๏ ⋏ ๏,,)
rabbit	(•ㅅ•)
rabbit	(๏ᆺ๏υ)
rabbit	(ㅇㅅㅇ❀)
rabbit	／(･ × ･)＼
rabbit	／(^ x ^)＼
rabbit	／(^ x ^=)＼
rabbit	／(=๏ x ๏=)＼
rabbit	／(=´x`=)＼
rabbit	／(=∵=)＼
rabbit	／(=⌒x⌒=)＼
rabbit	／(=✪ x ✪=)＼
rabbit	／(≡・ x ・≡)＼
rabbit	／(≧ x ≦)＼
rabbit	／(v x v｡)人(｡v x v)＼
rabbit	／(v x v)＼
rabbit	⌒(・x・)⌒
rabbit	⌒(｡･.･｡)⌒
rabbit	⌒(=･ x ･=)⌒
rabbit	⌒(=๏ x ๏=)⌒
rabbit	U ´꓃ ` U
rabbit	⁽⁽˙˟˙⁾⁾
rabbit cry	( °̥̥̥̥̥̥̥̥˟°̥̥̥̥̥̥̥̥ )
rabbit	(⁎˃ᆺ˂)
rabbit	૮⍝◜•˕̮•◝⍝ა
rabbit	૮( ᵒ̌ૢ௰ᵒ̌ૢ )ა
rabbit	૮(⋆❛ہ❛⋆)ა
rabbit	( ்̓˟்̓)
dance	(/・・)ノ
dance	(o´･_･)っ
dance	(ﾉ*ﾟｰﾟ)ﾉ
dance	(ノ￣ー￣)ノ
dance	＼(ﾟｰﾟ＼)
dance	♪(┌・。・)┌
dance	ヽ(･ω･ゞ)
dance	ヽ(*ﾟｰﾟ*)ﾉ
dance	〜(^∇^〜）
dance	〜(￣△￣〜)
dance	。(⌒∇⌒。)
dance	( ﾉ^ω^)ﾉﾟ
dance	（〜^∇^)〜
dance	(〜￣△￣)〜
dance	(。⌒∇⌒)。
dance	₍₍ ◝(・ω・)◟ ⁾⁾
dance	((┌|o^▽^o|┘))♪
dance	(*ﾉ´□`)ﾉ
dance	(ˇ_ˇ”) ƪ(˘⌣˘)┐ ƪ(˘⌣˘)ʃ ┌(˘⌣˘)ʃ
dance	(~‾⌣‾)~
dance	(~‾▿‾)~
dance	(~’.’)~
dance	(~￣▽￣)~
dance	(~˘▾˘)~
dance	(┌ﾟдﾟ)┌
dance	(o^^)o
dance	(ﾉ･o･)ﾉ
dance	(ノ‥)ノ
dance	(ノ´＿ゝ｀）ノ
dance	(ノ^_^)ノ
dance	(ノ^o^)ノ
dance	(ノ￣ω￣)ノ
dance	(ノ°ο°)ノ
dance	(ﾉﾟ▽ﾟ)ﾉ
dance	〈( ^.^)ノ
dance	\(._.\) ƪ(‘-’ ƪ)(ʃ ‘-’)ʃ (/._.)/
dance	＼(^ω^＼)
dance	~(‾⌣‾~)
dance	~(‾▿‾)~
dance	~(‾▿‾~)
dance	~(‘.’~)
dance	~(˘▾˘)~
dance	~(˘▾˘~)
dance	┌(・。・)┘♪
dance	┌(˘⌣˘)ʃ
dance	┌（★ｏ☆）┘
dance	┌(ﾟдﾟ)┘
dance	┌|゜з゜｜┘
dance	┌|°з°|┘
dance	┏((＝￣(ｴ)￣=))┛
dance	┏(｀ー´)┛
dance	┏(＾0＾)┛
dance	┐(ﾟдﾟ┐)
dance	└(^o^)┐
dance	└（★ｏ★）┐
dance	└(ﾟдﾟ)┐
dance	└｜゜ε゜｜┐
dance	└|°ε°|┐
dance	┗(｀ー´)┓
dance	┗(＾0＾)┓
dance	♪((└|o^▽^o|┐))
dance	ヽ( °◇°)ノ
dance	ヾ(-_- )ゞ
dance	ヾ(･ω･*)ﾉ
dance	ヾ(*´∇`)ﾉ
dance	ヽ(*´Д｀*)ﾉ
dance	ヾ（*⌒ヮ⌒*）ゞ
dance	ヾ(*д*)ﾉ
dance	ヾ(^ ^ゞ
dance	ヾ(^^ゞ)
dance	ヽ(°◇° )ノ
dance	ヾ(ﾟ∀ﾟゞ)
dance fun	ヾ(⌐■_■)ノ♪
dance	ヽ(⌐■_■)ノ♪♬
dance	ヽ(ﾟｰﾟ*ヽ)
dance	o(^^o)
dance	ƪ(‾.‾“)┐
dance	ƪ(˘⌣˘)┐
dance	ƪ(˘⌣˘)ʃ
dance fun happy	ヘ(^_^ヘ)
dance	ヘ(^o^ヘ)
dance surrender	ヘ(￣ー￣ヘ)
dance	ヘ(￣ω￣ヘ)
hug	(Ɔ˘⌣˘)(˘⌣˘)˘⌣˘ C)
hug kiss	(づ｡◕‿‿◕｡)づ
hug music	＼(^o^)／
hug	٩꒰ ˘ ³˘꒱۶ⒽⓤⒼ♥♡̷♡̷
kiss	(╯3╰)
kiss love	(-ε- )
kiss	(TεT)
kiss	✧˖°ˈ·*ε-(๑˃́ε˂̀๑ )
kiss	|(￣3￣)|
kiss love	|°з°|
kiss	ϵ( ‘Θ’ )϶
kiss	애❣⃛ღсμтёღ♡(˘ᵋ ˘ )
kiss	（＿ε＿）
kiss	（。ˇ ⊖ˇ）
kiss	(‘ε’)
kiss love	（＠ーεー＠）
kiss love	（*＾3＾）
kiss	（*＾3＾）/～☆
kiss	(*￣з￣)
kiss	(´ε｀*)
kiss	（￣ε￣＠）
kiss	(~￣³￣)~
kiss wave	(○´3｀)ﾉ
kiss wink	（○゜ε＾○）
kiss	(☆´3｀)
kiss	(ΘεΘ;)
kiss	(ΦзΦ)
kiss	(ु*´З`)ू❣
kiss	～(^з^)-☆
kiss music	ヽ(*´з｀*)ﾉ
kiss	(≡ε≡；)
kiss	(。´✷ฺЗ✷ฺ)・;゛.:’;、
kiss	(。≖ˇ3ˇ≖｡)
kiss	(っ˘зʕ•̫͡•ʔcнϋෆ*
kiss	ヾ(❛ε❛“)ʃ
kiss	(๑ᵕॢ૩ᵕॢ)*౨˚ൗ
kiss	♡´͈ॢ ᵌˋ͈ॢꉧ´͈ॢᵋ ˋ͈ॢ♡
kiss	<ब₍₍( ˃̗εू˂ )₎₎<ब
kiss	( ˘•૩•˘ ).｡oஇ
kiss	˓( ˶ ❛ ꁞ ❛ ˶ )˒˒
laugh	(*´艸`*)
laugh	(●´艸`)
laugh	｡ﾟ(TヮT)ﾟ｡
laugh	( ´艸｀)
laugh	（・∀・）
laugh	(；-◞౪◟-)
laugh	(｡ >艸<)
laugh	(*・艸・)
laugh	(*≧▽≦)ﾉｼ))
laugh	(*≧艸≦)
laugh	（⌒▽⌒）
laugh	(◎ヮ◎)
laugh	ʕ̡̢̡̡̢̡̡̢♡ᵒ̴̷͈艸ᵒ̴̷͈॰ʔ̢̡̢̢̡̢̢̡̢✧
laugh	Σ (੭ु ຶਊ ຶ)੭ु⁾⁾
laugh	(ᗒᗜᗕ)՛̵̖
laugh	(* ˚᷄ 艸 ˚᷅ *)
laugh	∗˚೫˳(●ᴖ͙̏ᴗॢᴖ͙̋●)˳೫˚∗
laugh	(੭ु റ̆ ˒̫̮ റ̥)੭ु⁾⁾
laugh think	(˃̴̀ᄇॢ˂̴́ ∗)
sleep	＿ﾉ乙(､ﾝ､)_
sleep	(´〜｀*) zzz
sleep	(ι´Д｀)ﾉ
sleep	_(：3 」∠ )_
sleep	_(┐「ε:)_
sleep	- =͟͟͞͞ (¦3[▓▓])
sleep	( -_-)>c[_]
sleep	(_ _)ヾ(‘ロ‘)
sleep	(-_-) zzz
sleep	(-, – )…zzzZZZ
sleep	(-ｪ-)｡o
sleep	(;´ρ`)
sleep	(:3[▓▓▓▓▓▓▓▓]
sleep	(。-ω-)zzz
sleep	₍₍ ᕕ( ･᷄ὢ･᷅ )ᕗ⁾⁾
sleep	₍₍ ᕕ(´ ω` )ᕗ⁾⁾
sleep	（)´д`(）
sleep	(*-ω-)
sleep	(*´ο`*)
sleep	(´～`)
sleep	（´□｀川）
sleep	(o´Д`)
sleep	(ᴗ˳ᴗ)
sleep	(ᵕ≀ ̠ᵕ )
sleep	［(－－)］zzz
sleep	{zzz}°°°( -_-)>c[_]
sleep	【:εω
sleep	＼（´Ｏ｀）／
sleep	＼(o￣∇￣o)/
sleep	˓(¦:ɝ[▓▓]
sleep	∑(￣□￣)
sleep	ヾ(。￣□￣)ﾂ
sleep	ヾ(￣□￣;)ﾉ
sleep	ヾ(￣0￣； )ノ
sleep	ƪ(‾￣o￣”)ʃ
sleep	ƪ(΄◞ิ۝◟ิ‵)ʃ
sleep	(:˒[￣]
sleep	(∪｡∪)｡｡｡zzz
sleep	(▰˘o˘▰)
sleep	ε-(´・｀)
sleep	Σ(￣。￣ノ)ノ
sleep	(≚ᄌ≚)ƶƵ
sleep	(-ι_- )))。。。
sleep	٩(´Д` ;)۶:.*
sleep	٩(ˊᗜˋ*)و
sleep	*｡٩(ˊωˋ*)و✧*｡
music	♪٩(✿′ᗜ‵✿)۶♪
music	(๑´▿｀๑)♫•*¨*•.¸¸♪✧
music	(*´∀｀)ﾉ☊ฺ ▂ฺ ▃ฺ ▄ฺ ▅ฺ ▆ฺ ▇ฺ █
music	(；◔ิз◔ิ)～♪♬
music	(((*°▽°*)八(*°▽°*)))♪
music	(*￣0￣)θ～♪
music	(*゜▽゜ノノ゛☆
music	(*⌒▽⌒*)θ～♪
music	(\˳˘ ɜ˘)˳ ♬♪♫
music	(´△｀)♪
music	(´▽｀)ノ♪
music	(´0ﾉ｀*)
music	（^[]＾）／♪
music	（＾3＾♪
music	（＾Ｏ＾☆♪
music	(ﾉ´▽｀)ﾉ♪
music	(ﾉ> ◇ <)ﾉ♪
music	｢(;´Σ ｀〃)ヘ
music	˳/(˘ε ˘)♬♪♫
music	┐(・。・┐) ♪
music	♪( ´θ｀)ノ
music	♪(´ε｀ )
music	♪♪(o*゜∇゜)o～♪♪
music	♪♪)>ш=(^。^ )
music	♪ヽ( ⌒o⌒)人(⌒-⌒ )v ♪
music	♬♪♫ ヾ(*・。・)ﾉ ♬♪♫
music	♬♫♪◖(●。●)◗♪♫♬
music	ヾ(・◇・)ﾉθ～♪
music	ヽ(´・｀)ﾉ
music	ヾ(´□｀* )ノ
music	ヽ(´▽｀；)/♪
music	ヾ(´〇｀)ﾉ
music	ヾ(´ρ｀)〃
music	ヽ(´Д｀)人(´Д｀)人(´Д｀)ノ
music	ヽ(´Д｀ヽ
music	♪~♪ ヽ໒(⌒o⌒)७ﾉ ♪~♪
music	(ෆ❛ั▿❛ัʃƪ)♩°:::
music	♬˚‧◟₍◌′ ॄ‵◌₎◞•˚♬
music	✿♬ﾟ+.(｡◡‿◡)♪.+ﾟ♬✿。
music	♪(o´▽｀o)ﾉ
music	ヽ(○´∀`)ﾉ♪
music	ヽ｀、ヽ｀ヽ(*￣o￣*)>ヽ｀、ヽ｀
music	♪(๑ᴖ◡ᴖ๑)♪
music	ʕ•̫͡•ʔ♬✧
music	♬♩˂₍͔⁽ˆ⁰ˆ⁾₎͔˃ ͟͟͞͞≣͟ ͟͟͞͞˂₍͕⁽ˆ⁰ˆ⁾₎͕˃♪♫
music	ᒄ₍⁽ˆ⁰ˆ⁾₎ᒃ♪♬
music	♪(o^0^)o♪
music	♪～(´ε｀　)
music	( ง ´◇｀)ง♪
think	(¬ω¬)
think	( ¬_¬)
think	(∩⌣̀_⌣́)
think	(ʃ⌣́,⌣́ƪ)
think	<(¬＿¬<)
think sorry	m(￢0￢)m
think sad	(－‸ლ)
think	(•᷉ुε ू•᷈,)
think	๐छ ੂछ๐
think	눈_눈
think	Σ(-᷅_-᷄๑)
think	(.﹒︣︿﹒︣.)
think	( ･᷄ㅂ･᷅ )
think	( ᵕ́ૢ‧̮ᵕ̀ૢ)‧̊·*
think	(๑•̆૩•̆)
wave	(,, ･∀･)ﾉ゛
wave surrender	(;-_-)/
wave	(｡･ω･)ﾉﾞ
wave	(。･д･)ﾉﾞ
wave	(｡´∀｀)ﾉ
wave	(/・0・)
wave	(´・ω・)ﾉ
wave	(￣∠ ￣ )ﾉ
wave	(=ﾟωﾟ)ノ
wave	(ノ^∇^)
wave	＼(°o°；）
wave	ヽ(´･ω･`)､
wave	( ・_・)ノ
wave	( ･ω･)ﾉ
wave	( ^_^)／
wave	（ ゜ρ゜)ノ
wave	( ﾟ▽ﾟ)/
wave surrender	(;-_-)ノ
wave surrender	(。-ω-)ﾉ
wave wink	(。^_・)ノ
wave	(*^･ｪ･)ﾉ
wave	(*＾▽＾)／
wave	(*￣Ｏ￣)ノ
wave	(^ Q ^)/
wave	(^-^*)/
wave	(^o^)/
wave	(￣▽￣)ノ
wave	(=ﾟωﾟ)ﾉ
wave	(o・・o)/
wave	(o´ω`o)ﾉ
wave	(ﾉ´∀｀*)ﾉ
wave	@(o・ェ・)@ノ
wave	＼( ･_･)
wave	＼(-_- )
wave surrender	＼(-o- )
wave	＼（＾∀＾）メ（＾∀＾）ノ
wave	＼(＾▽＾*)
wave	＼(￣O￣)
wave wink	~(＾◇^)/
wave	~ヾ ＾∇＾
wave	~ヾ(＾∇＾)
wave	╭(°ﾛ°”)╯
wave	ー( ´ ▽ ` )ﾉ
wave	ヾ( ‘ – ‘*)
wave surrender	ヾ(-_-;)
wave	ヽ(･∀･)ﾉ
wave	ヾ(･ω･`｡)
wave	ヾ(・ω・ｏ)
wave	ヾ(｡･ω･｡)
wave	ヾ(｡´･_●･`｡)☆
wave	ヽ(๏∀๏ )ﾉ
wave	ヾ(´･ω･｀)
wave	ヾ(´￢｀)ﾉ
wave	ヾ(＾-＾)ノ
wave	ヾ(＾∇＾)
wave	ヽ(＾▽＾)人(＾▽＾)人(＾▽＾)ﾉ
wave	ヽ(ﾟ◇ﾟ )ﾉ
wave	ヾ(◜▿‾ 三 ‾▿◝)ﾉ
wave	ヾ(☆▽☆)
wave	ヘ(‘◇’、)/
wave	ヘ(°￢°)ノ
wave	ヾ(oﾟｘﾟo)ﾉ
wave	(^ _ ^)/
wave	(。･∀･)ﾉ
wave	且_(ﾟ◇ﾟ；)ノﾞ
wave	ﾍ(ﾟ∀ﾟ*)ﾉ
wink	(･ｪ-)
wink	(－ｏ⌒)
wink	（＾＿－）
wink	(^_-)
wink	（＾_-）
wink	（＾＿－）≡★
wink	（＾＿・）
wink	（＾＿−）
wink	(^_−)☆
wink	(⌒.−)＝★
wink	(o‿∩)
wink	＼（^０＾）／
wink animal monkey	๏[-ิ_•ิ]๏
wink	☆～（ゝ。∂）
wink fun	d(-_^)
sorry dead	ｍ（＿　＿；；ｍ
sorry	_:(´□`」 ∠):_
sorry	(シ_ _)シ
sorry	（ﾉ´д｀）
sorry	<(_ _)>
sorry	＜(。_。)＞
sorry	m(_ _)m
sorry	m(._.)m
sorry	ｍ（．＿．）ｍ
cry	・゜・(ノД`)
cry	.・゜゜・（／。＼）・゜゜・．
cry surrender	(oT-T)尸
cry	.·´¯`(>▂<)´¯`·.
cry	｡･ﾟヾ(✦థ ｪ థ)ﾉ｡ﾟ･｡
cry	。：゜(；´∩｀；)゜：。
cry	｡ﾟ( ﾟஇ‸இﾟ)ﾟ｡
cry	(-̩̩-̩̩͡_-̩̩-̩̩͡)
cry	(-̩̩̩-̩̩̩-̩̩̩-̩̩̩-̩̩̩___-̩̩̩-̩̩̩-̩̩̩-̩̩̩-̩̩̩)
cry	(*´°̥̥̥̥̥̥̥̥﹏°̥̥̥̥̥̥̥̥ )人(´°̥̥̥̥̥̥̥̥ω°̥̥̥̥̥̥̥̥｀)
cry surrender	(/ _ ; )
cry	(´；Д；｀)
cry	（πーπ）
cry	(இ﹏இ`｡)
cry troll	༼ ༎ຶ ෴ ༎ຶ༽
cry troll	༼ ༏༏ີཻ༾ﾍ ༏༏ີཻ༾༾༽༽
cry	❣◕ ‿ ◕❣
cry	o(TヘTo)
cry	(　-̥̥̥̥̥̥̥̥̥̥̥̥̥̥̥̥̥̥̥̥̥̥̥̥̥᷄◞ω◟-̥̥̥̥̥̥̥̥̥̥̥̥̥̥̥̥̥̥̥̥̥̥̥̥̥᷅ )
cry	(づ-̩̩̩-̩̩̩_-̩̩̩-̩̩̩)づ
cry	( ͒ ඉ .̫ ඉ ͒)
cry	ლ(ٱ٥ٱლ)
cry	Ψ(●°̥̥̥̥̥̥̥̥ ཅ °̥̥̥̥̥̥̥̥●)Ψ
cry	(●⌇ຶ ཅ⌇ຶ●)
cry	( •́દ•̩̥̀ )
cry	(ఠ్ఠ ˓̭ ఠ్ఠ)
cry	(๑′̥̥̥▵‵̥̥̥ ૂ๑)
cry	(๑•́₋•̩̥̀๑)
cry	⁽ƈ ͡ (ुŏ̥̥̥̥םŏ̥̥̥̥) ु
cry	…(•̩̩̩̩＿•̩̩̩̩)
cry	°(ಗдಗ。)°.
cry	˚‧⁺(͘๑̊/﹏\)⁺‧˚
cry run	̨(༎ິ῀̫ ༎ິ ̨ )͞˭̳̳̳˭̳̳̳ˍ̿̿ˍ̿ˌ˳ˏ̇⋅∴༣
cry dead	(≖͞_≖̥)
cry	.°(ಗдಗ。)°.
cry	(๑˃̥̩̥̥̥̥̆ಐ˂̩̩̥̥̩̥̆৭)
cry	‧⁺◟( ᵒ̴̶̷̥́ ·̫ ᵒ̴̶̷̣̥̀ )
cry	ƈ ͡ (ुŏ̥̥̥̥ ‸ ŏ̥̥̥̥) ु
run	ε=ε=ε=ε=ε=┌(；　・＿・)┘
run	⊂(‘ω’⊂ )))Σ≡=─༄༅༄༅༄༅༄༅༄༅
run	ε===(っ≧ω≦)っ
run	ε=ε=┏( >_<)┛
run	ε=ε=ε=┌(๑ʘ∀ʘ)┘
run	ε=ε=ε=ε=┏(;￣▽￣)┛
run	°◦=͟͟͞͞ʕ̡̢̡ु•̫͡•ʔ̡̢̡ु ☏
run	- =͟͟͞͞ =͟͟͞͞ ﾍ( ´Д`)ﾉ
run	ε=ε=ε=ε=ε=ε=┌(๑ʘ∀ʘ)┘
run	=͟͟͞͞( ∩ ‘ヮ’=͟͟͞͞) ੭ु⁾⁾
run	૮(”ړ ა)͞=͟͟͞͞=͟͟͞͞=͟͟͞͞=͟͟͞͞=͟͟͞͞=͟͟͞͞ #
run	ε=ε=(怒ﾟДﾟ)ﾉ
run	ヽ(￣д￣;)ノ=3=3=3
run	=͟͟͞͞ʕ•̫͡•ʔ =͟͟͞͞ʕ•̫͡•ʔ =͟͟͞͞ʕ•̫͡•ʔ =͟͟͞͞ʕ•̫͡•ʔ =͟͟͞͞ʕ•̫͡•ʔ
run	─=≡Σ((( つ•̀ω•́)つ
run	C= C= C= C= C= C= C= C= C= ┌(;・ω・)┘
run	(ↀДↀ)⁼³₌₃
run	৫(”ړ৫)˒˒˒˒
run	=͟͟͞͞(๑•̀=͟͟͞͞(๑•̀д•́=͟͟͞͞(๑•̀д•́๑)=͟͟͞͞(๑•̀д•́)))
run	ε=ε=(っ*´□`)っ
run	─=≡Σ(([ ⊐•̀⌂•́]⊐
surrender	(一。一;;）
surrender	(　-。-)
surrender	(-_＼)
surrender	(;*´Д`)ﾉ
surrender	((-_-))
surrender	(@_@)
surrender	（~～~）
surrender	（◎ー◎；）
surrender	（ー△ー；）
surrender	(o_ _)o
surrender	(ﾉ_ _)ﾉ
surrender	(ノ#-_-)ノ
surrender	(ﾉ￣д￣)ﾉ
surrender	(￣^￣)尸
surrender	/(;-_-)
surrender	＼(-___________-;)／
surrender	＼（－－）／
surrender	~(>_<。)＼
surrender	o(-_-;*)
surrender	ƪ(‾_‾)ʃ
surrender	y-(~。~；)
surrender	ヘ(_ _ヘ)
surrender	ﾍ(;´Д｀ﾍ)
surrender	ヘ（´ｏ｀）ヘ
surrender	ﾍ(￣ ￣;ﾍ)
surrender dead	彡(-_-;)彡
write	＿φ( °-°)/
write	＿φ(°-°=)
write	φ(．．;)
write	φ(^∇^ )
write	φ(◎◎ヘ)
write	ψ(。。)
write	___ψ(‥ )
write	＿φ(￣ー￣ )
write	ණ⃛(ᵒ͈̑ᴗ̂ᵒ͈̑ )”
write	＿〆(。。)
write	(‘•̀ ▽ •́ )φ
write	φ(・ω・｀ )
write	φ(._.)
write	φ（．．）
write	φ(￣ー￣ )ノ
write	φ(°ρ°*)メ
write	〆(・∀・＠)
write	〆(´Ｕ_｀*)
write	φ(^ω^*)ﾉ
write	…φ(o´ωﾟo)φ…
write	σ(ൈ)φ
write	໒(⊙ᴗ⊙)७✎▤
write	[≡] 〆(・⺫・‶)
write	(๑╹o╹)φ
write	†=”Ⴛ̸ ♡(˃͈ દ ˂͈ ༶ )
troll	ヽ༼ ಠ益ಠ ༽ﾉ
troll	(((༼•̫͡•༽)))
troll	ヽ༼ຈل͜ຈ༽ﾉ
troll	༼(⁽͇ˊ̑⁾ ἴृ ⁽ˋ̑⁾͇)༽
troll	(ી(΄◞ิ౪◟ิ‵)ʃ)
troll	༼ ͒ ͓ ͒༽
troll	༼ ͒ ̶ ͒༽
troll	༼･ิɷ･ิ༽
troll	(̿▀̿ ̿Ĺ̯̿̿▀̿ ̿)̄
troll	༼༼;; ;°;ਊ°;༽
troll	༼•͟ ͜ •༽
troll	༼•̃͡ ɷ•̃͡༽
troll	༼∵༽
troll	༼≖ɷ≖༽
troll	༼⍢༽
troll	༼⍤༽
troll	༼⍨༽
troll	༼✷ɷ✷༽
troll	˚✧₊⁎❝᷀ົཽ≀ˍ̮ ❝᷀ົཽ⁎⁺˳✧༚
troll	༼ԾɷԾ༽
troll	༼இɷஇ༽
troll	༼;´༎ຶ ༎ຶ ༽
troll	˓ ू༼ ்ͦ॔ཀ ்ͦ॓ू༽
troll	༼ ु ்ͦ॔ཫ ்ͦ॓༽ु˒˒
troll	૮(ㅍ◞◟ㅍ)ა
troll	ཥ•̫͡•ཤ
troll	♡(•ི̛ᴗ•̛)ྀ
troll	♡*(ू•‧̫•ू⑅)♡⋆*ೃ:.✧
troll	ˁ ¨̫͌ ˀ
dead	(✖╭╮✖)
dead	(u_u)
dead	(*_*)
dead	(＊0＊;)
dead	(#+_+)
dead	(+_+)
dead	(×_×;）
dead	(×_×#
dead	(ñ_ñ)
dead	(o_-)
dead	(º_º)
dead	（x_x；）
dead	（Ω_Ω）
dead	✘Д✘◍
dead	ヾ(×× ) ﾂ
dead	٩(×̯×)۶
dead	Σ(๑+⌓ o｡)シ
dead	へ（>_<へ)
dead	(｡´✚ฺω✚ฺ｀｡)
dead	(｡≍ฺ‿ฺ≍ฺ)
dead	╭( ✖_✖ )╮
animal stare	• º–π–º •
animal	<(:,..,:)>
fun love	\(-ㅂ-)/ ♥ ♥ ♥
fun music	♪ (｡´＿●`)ﾉ┌iiii┐ヾ(´○＿`*) ♪
happy	( *∀*)y─┛
fun happy	ᕕ( ᐛ )ᕗ
animal love	(°◡°♡).:｡
animal	(๑′ᴗ‵๑)
animal pig stare	(`･ω･´)
animal cat fun	Ɛ:[,,_,,]=~
animal happy	[^._.^]ﾉ彡
animal cat	◎ヽ(^･ω･^=)~
animal	( ;,;)
animal	(⊙ω⊙)
animal	:(¦)
animal stare	ϵ( 'Θ' )϶
animal	(◕(' 人 ') ◕)
table flip	┗[© ♒ ©]┛ ︵ ┻━┻
happy table flip	┻━┻ ︵ ლ(⌒-⌒ლ)
table flip	ʇǝʞɔɐɹq ︵ヽ(`Д´)ﾉ︵ ǝʞup
table flip	(╯°□°)╯︵ ┻━┻
table flip	┬─┬﻿ ノ( ゜-゜ノ)
table flip	(ノ ゜Д゜)ノ ︵ ┻━┻
table flip	(╯°□°)╯︵ ┻━┻ ︵ ╯(°□° ╯)
table flip	┬─┬﻿ ︵ /(.□. \）
table flip	‎(ﾉಥ益ಥ）ﾉ﻿ ┻━┻
table flip	(ノ^_^)ノ┻━┻ ┬─┬ ノ( ^_^ノ)
table flip	(╯°Д°）╯︵ /(.□ . \)
cry table flip	(╯'□')╯︵ ┻━┻
table flip	(ﾉಥДಥ)ﾉ︵┻━┻･/
table flip	(/ .□.)\ ︵╰(゜Д゜)╯︵ /(.□. \)
table flip	(._.) ~ ︵ ┻━┻
happy love	(｡´ ‿｀♡)
love	♥‿♥
happy	｡◕ ‿ ◕｡
fun	๏◡๏
fun music	\m/...(>.<)…\m/
fun	（　＾）／占~~~~~
fun	(／_^)／ 　　　　●　＼(^_＼)
fun	(／o^)/ °⊥ ＼(^o＼)
fun happy	ヽ｀、ヽ｀ヽ(*￣o￣*)♩♫♪ヽ｀、ヽ｀
fun	（*＾＾）/~~~~◎
fun	(*・_・)ノ⌒*`*`*
fun happy	◉‿◉
fun happy whatever	¯\_◉‿◉_/¯
fun wave	|ʘ‿ʘ)╯
fun	(~^.^)~
angry	(Ò囗Óױ)
angry	￢o(￣-￣ﾒ)
dead	―(T_T)→
confused love stare	（〃・・〃）
whatever stare	¯\_ಠ_ಠ_/¯
stare	(  ⚆ _ ⚆ )
love	(´ ▽｀).。ｏ♥♡
love	(*⸰‿-) (☉_☉) (-‿◦☀)
love	ノ(ジ)ー'
love	--,--`--,{@
cry sad	(╥﹏╥)
think	♒((⇀‸↼))♒
happy love	('∀'●)♡
happy	(^_^ '')
sad	d( - ‸ - )b
music sad	◔̯︵◔
sad	(っ- ‸ -)っ
sad	(っ- ‸ - ς)
sad	● ﹏☉
sad	(◞‸◟；)
love sad	(;´༎ຶД༎ຶ`)
sad	₍₍ ᕕ(´◓⌓◔)ᕗ⁾⁾
sad	˓(ᑊᘩᑊ⁎)
sad	(*・)σσσ(*゜Д゜*)
sad	óò
sad	( ＾◡＾)っ✂╰⋃╯
sad	人人人ヾ( ;×o×)〃 人人人
sad	(///.-)
sad	[ ± _ ± ]
cry sad	༼;´༎ຶ ۝ ༎ຶ༽
cry sad	(ʃ˘̩̩ε˘̩ƪ)
sad whatever	┐('～`；)┌
sad	[#´Д`]
sad	(●´⌓`●)
animal	＠ノ"
animal rabbit	(”)(”)
animal	/|\( ;,;)/|\
animal	ʕ⁎̯͡⁎ʔ༄
animal	<コ:彡
animal happy monkey	O(∩_∩)O
animal bear fun	ʕ•̫͡•ʕ*̫͡*ʕ•͓͡•ʔ-̫͡-ʕ•̫͡•ʔ*̫͡*ʔ
animal	3:*)
animal cat	(ू ͒•‧̫•ू⑅ ͒)
animal	⸜(ᶿ᷇ധᶿ᷆)⸝
animal rabbit	(=˘ϖ˘=)
animal cat	(ृʾ́꒳ʿ̀ ृ　)ु
animal bear	ʕ　·ᴥ·ʔ　ʕ·ᴥ·　ʔ
stare	(〠_〠)
love	( ఠ ⚇̭ ఠ )
love	(   ° ᴗ°)~ð  (/❛o❛\)
love	웃❤유
love happy	し(*・∀・)／♡＼(・∀・*) ///
love stare	ೖ(σ̑˽σ̑)ೖ
love	(๑╹ڡ╹)╭ ～ ♡
love	*⁂((✪⥎✪))⁂*
love	(ɔ˘з˘)ɔ
love	(*°∀°)=<3
happy	\|°▿▿▿▿°|/
fun happy wave	(●°u°●)​ 」
happy whatever	╮ (. ❛ ᴗ ❛.) ╭
animal cat	=＾● ⋏ ●＾=
animal cat fun	~=[,,_,,]:3
animal cat happy	(=^ェ^=)
animal stare	(・ω・)
animal stare	(・3・)
animal stare	(・ε・)
animal bear	ʕ •ᴥ•ʔ
animal	人◕ ‿‿ ◕人
animal pig stare	( ́・ω・`)
animal pig	(｀◔ ω ◔´)
animal sea creature	<º))))><
animal	<(-'.'-)>
animal	(V) (°,,,,°) (V)
stare	(◕〝◕)
whatever	¯\_(⌣̯̀⌣́)_/¯
confused	(。♋‸♋｡)
fun happy	| (• ◡•)| (❍ᴥ❍ʋ)
fun happy	└[∵┌]└[ ∵ ]┘[┐∵]┘
fun happy	(^__^)v
fun	（。々°）
fun	（°々。）
crazy fun happy	(◐‿◑)﻿
fun happy	✌(-‿-)✌
fun happy	ლ(o◡oლ)﻿﻿
fun happy	(ﾉ^_^)ﾉ
fun happy	(ノ・∀・)ノ
fun happy	＼(＾O＾)／
fun	(ó ì_í)=óò=(ì_í ò)
fun	ヽ(^o^)ρ┳┻┳°σ(^o^)/
fun	(>'.')>=O____l_*__O=<('.'<)
fun happy	(ˆڡˆ)v
fun music	♪┏(・o･)┛♪┗ ( ･o･) ┓♪
fun	-(ˆ▿ˆ)/ \(ˆ▿ˆ)-
troll	ლ(ಠ益ಠლ)
angry	(ÒДÓױ)
stare happy	(⌯⚈ै〰̇⚈ै)
stare	(• ε •)
stare	┌( ಠ_ಠ)┘
happy	( Ո‿Ո)
confused	( ⧉ ⦣ ⧉ )
whatever	┐(´-｀)┌
whatever	┐( ˘_˘)┌
whatever	¯\_(シ)_/¯
whatever	¯\(º_o)/¯
stare	(⊙＿⊙')
stare	(•̯͡.•̯͡)‎​
bear	•(ㅅ)•
happy	◦°˚\(*❛‿❛)/˚°◦
write happy	ೖ(⑅σ̑ᴗσ̑)ೖ
table flip	(┛^_^)┛彡<ǝlqɐʇ>
